article_id,title,url,published_at,channel,source,topic,subtopic,event_type,technology,industry,business_action,impact,insight_summary,content_status,scraped_at
6a5de03439215,Cegah Email Spam dengan Mengelola Database yang Baik - Teknologi Katadata.co.id,https://katadata.co.id/digital/teknologi/6a5de03439215/cegah-email-spam-dengan-mengelola-database-yang-baik,2026-07-20 15:45:00,Teknologi,Katadata,Enterprise Software,CRM,Adoption / Implementation,Zoho CRM,General Enterprise,Software Evaluation,Customer Experience,"Artikel membahas CRM dalam konteks enterprise. Fokus utama adalah adoption / implementation dengan teknologi Zoho CRM. Dari sisi bisnis, hal ini berkaitan dengan software evaluation dan berpotensi memberikan dampak pada customer experience.",SUCCESS,2026-10-09 03:02:33
698eca6d2f5fc,Alternatif SunFish HRIS untuk Perusahaan Enterprise di Indonesia - Teknologi Katadata.co.id,https://katadata.co.id/digital/teknologi/698eca6d2f5fc/alternatif-sunfish-hris-untuk-perusahaan-enterprise-di-indonesia,2026-02-13 13:53:00,Teknologi,Katadata,Enterprise Software,HRIS / HCM,Product / Solution Evaluation,"SAP, Oracle, Workday, SunFish HR, Mekari, Cloud",Human Resources,Software Adoption,"Operational Efficiency, Data Integration, Decision Support","Artikel membahas HRIS / HCM dalam konteks enterprise. Fokus utama adalah product / solution evaluation dengan teknologi SAP, Oracle, Workday, SunFish HR, Mekari, Cloud. Dari sisi bisnis, hal ini berkaitan dengan software adoption dan berpotensi memberikan dampak pada operational efficiency, data integration, decision support.",SUCCESS,2026-10-09 03:02:34
69c38dc055568,Alasan Bisnis Modern Beralih ke SaaS Ecosystem - Teknologi Katadata.co.id,https://katadata.co.id/digital/teknologi/69c38dc055568/alasan-bisnis-modern-beralih-ke-saas-ecosystem,2026-03-25 14:24:00,Teknologi,Katadata,Enterprise Software,SaaS,Market / Technology Trend,"Qontak, Mekari, SaaS, Cloud",General Enterprise,Software Adoption,"Operational Efficiency, Process Automation, Data Integration","Artikel membahas SaaS dalam konteks enterprise. Fokus utama adalah market / technology trend dengan teknologi Qontak, Mekari, SaaS, Cloud. Dari sisi bisnis, hal ini berkaitan dengan software adoption dan berpotensi memberikan dampak pada operational efficiency, process automation, data integration.",SUCCESS,2026-10-09 03:02:35
654256e01248c,IBM Akuisisi Perusahaan Teknologi ERP dan Cloud di Indonesia - Teknologi Katadata.co.id,https://katadata.co.id/digital/teknologi/654256e01248c/ibm-akuisisi-perusahaan-teknologi-erp-dan-cloud-di-indonesia,2023-11-01 20:47:00,Teknologi,Katadata,Enterprise Software,ERP,Acquisition,"SAP, Oracle, Cloud",General Enterprise,Corporate Acquisition,"Decision Support, Customer Experience","Artikel membahas ERP dalam konteks enterprise. Fokus utama adalah acquisition dengan teknologi SAP, Oracle, Cloud. Dari sisi bisnis, hal ini berkaitan dengan corporate acquisition dan berpotensi memberikan dampak pada decision support, customer experience.",SUCCESS,2026-10-09 03:02:36
5e9a51a81c009,"Menuju Perusahaan Travel Digital, AirAsia Adopsi Komputasi Awan Oracle - Teknologi Katadata.co.id",https://katadata.co.id/digital/teknologi/5e9a51a81c009/airasia-adopsi-komputasi-awan-milik-oracle,2019-04-08 19:44:00,Teknologi,Katadata,Enterprise Software,ERP,Adoption / Implementation,"Oracle, Cloud",Travel / Aviation,Software Adoption,"Operational Efficiency, Cost Reduction, Process Automation","Artikel membahas ERP dalam konteks enterprise. Fokus utama adalah adoption / implementation dengan teknologi Oracle, Cloud. Dari sisi bisnis, hal ini berkaitan dengan software adoption dan berpotensi memberikan dampak pada operational efficiency, cost reduction, process automation.",SUCCESS,2026-10-09 03:02:38
6996e24422b61,7 Rekomendasi Aplikasi Procurement Terbaik untuk Perusahaan Enterprise - Teknologi Katadata.co.id,https://katadata.co.id/digital/teknologi/6996e24422b61/7-rekomendasi-aplikasi-procurement-terbaik-untuk-perusahaan-enterprise,2026-02-19 17:13:00,Teknologi,Katadata,Enterprise Software,Procurement / SCM,Product / Solution Evaluation,"SAP, Oracle, Mekari, Cloud",General Enterprise,Process Automation,"Operational Efficiency, Cost Reduction, Process Automation","Artikel membahas Procurement / SCM dalam konteks enterprise. Fokus utama adalah product / solution evaluation dengan teknologi SAP, Oracle, Mekari, Cloud. Dari sisi bisnis, hal ini berkaitan dengan process automation dan berpotensi memberikan dampak pada operational efficiency, cost reduction, process automation.",SUCCESS,2026-10-09 03:02:39
625e36c388733,Berbisnis di Media Sosial Lebih Mudah dengan WhatsApp API Qontak - Teknologi Katadata.co.id,https://katadata.co.id/digital/teknologi/625e36c388733/berbisnis-di-media-sosial-lebih-mudah-dengan-whatsapp-api-qontak,2022-04-19 11:13:00,Teknologi,Katadata,Enterprise Software,CRM,Adoption / Implementation,"Qontak, WhatsApp Business API",General Enterprise,Software Adoption,"Cost Reduction, Process Automation, Customer Experience","Artikel membahas CRM dalam konteks enterprise. Fokus utama adalah adoption / implementation dengan teknologi Qontak, WhatsApp Business API. Dari sisi bisnis, hal ini berkaitan dengan software adoption dan berpotensi memberikan dampak pada cost reduction, process automation, customer experience.",SUCCESS,2026-10-09 03:02:40
62345cb9893d2,WhatsApp API Qontak Tawarkan Solusi Berbisnis di Era Digital - Teknologi Katadata.co.id,https://katadata.co.id/digital/teknologi/62345cb9893d2/whatsapp-api-qontak-tawarkan-solusi-berbisnis-di-era-digital,2022-03-18 17:48:00,Teknologi,Katadata,Enterprise Software,CRM,Adoption / Implementation,"Qontak, Mekari, WhatsApp Business API",General Enterprise,Software Adoption,"Cost Reduction, Process Automation, Customer Experience","Artikel membahas CRM dalam konteks enterprise. Fokus utama adalah adoption / implementation dengan teknologi Qontak, Mekari, WhatsApp Business API. Dari sisi bisnis, hal ini berkaitan dengan software adoption dan berpotensi memberikan dampak pada cost reduction, process automation, customer experience.",SUCCESS,2026-10-09 03:02:42
64080d18b112a,Ini Teknologi yang Masif Diadopsi Perusahaan di Indonesia - Teknologi Katadata.co.id,https://katadata.co.id/digital/teknologi/64080d18b112a/ini-teknologi-yang-masif-diadopsi-perusahaan-di-indonesia,2023-03-08 11:20:00,Teknologi,Katadata,Enterprise Software,SaaS,Adoption / Implementation,"SaaS, Cloud, RPA",General Enterprise,Software Adoption,"Operational Efficiency, Process Automation","Artikel membahas SaaS dalam konteks enterprise. Fokus utama adalah adoption / implementation dengan teknologi SaaS, Cloud, RPA. Dari sisi bisnis, hal ini berkaitan dengan software adoption dan berpotensi memberikan dampak pada operational efficiency, process automation.",SUCCESS,2026-10-09 03:02:43
6527acd34e6fe,Cerita Startup Tanpa Investor tapi Sudah Untung - Startup Katadata.co.id,https://katadata.co.id/digital/teknologi/6527acd34e6fe/cerita-startup-tanpa-investor-tapi-sudah-untung,2023-10-12 15:22:00,Teknologi,Katadata,Enterprise Software,ERP,Adoption / Implementation,SaaS,Technology / Software,Software Adoption,Business Process Improvement,"Artikel membahas ERP dalam konteks enterprise. Fokus utama adalah adoption / implementation dengan teknologi SaaS. Dari sisi bisnis, hal ini berkaitan dengan software adoption dan berpotensi memberikan dampak pada business process improvement.",SUCCESS,2026-10-09 03:02:44
